{
  "metrics": {
    "auc": 0.7854447164422684,
    "precision": 0.043478260869565216,
    "recall": 0.25,
    "f1": 0.07407407407407407
  },
  "metadata": {},
  "saved_at": "2026-01-13T17:19:03.841200",
  "model_path": "models/token_predictor_best.pth"
}